<?xml version="1.0" encoding="UTF-8" ?>
<XMLDB PATH="local/users/db" VERSION="20150323" COMMENT="XMLDB file for Moodle local/users"
    xmlns:xsi="http://www.w3.org/2001/XMLSchema-instance"
    xsi:noNamespaceSchemaLocation="../../../lib/xmldb/xmldb.xsd"
>
  <TABLES>
    <TABLE NAME="local_users" COMMENT="List of Users">
      <FIELDS>
        <FIELD NAME="id" TYPE="int" LENGTH="10" NOTNULL="true" UNSIGNED="true" SEQUENCE="true"/>
        <FIELD NAME="firstname" TYPE="char" NOTNULL="true" SEQUENCE="false"/>
        <FIELD NAME="lastname" TYPE="char" NOTNULL="true" SEQUENCE="false"/>
        <FIELD NAME="username" TYPE="char" NOTNULL="true" SEQUENCE="false"/>
        <FIELD NAME="email" TYPE="char" NOTNULL="true" SEQUENCE="false"/>
        <FIELD NAME="password" TYPE="char" NOTNULL="true" SEQUENCE="false"/>
        <FIELD NAME="usercreated" TYPE="int" LENGTH="10" NOTNULL="true" UNSIGNED="true" DEFAULT="0" SEQUENCE="false"/>
        <FIELD NAME="timecreated" TYPE="int" LENGTH="10" NOTNULL="true" UNSIGNED="true" DEFAULT="0" SEQUENCE="false"/>
        <FIELD NAME="timemodified" TYPE="int" LENGTH="10" NOTNULL="true" UNSIGNED="true" DEFAULT="0" SEQUENCE="false"/>
      </FIELDS>
      <KEYS>
        <KEY NAME="primary" TYPE="primary" FIELDS="id"/>
      </KEYS>
      <INDEXES>
        <INDEX NAME="username" UNIQUE="true" FIELDS="username"/>
        <INDEX NAME="email" UNIQUE="true" FIELDS="email"/>
      </INDEXES>
    </TABLE>
  </TABLES>
</XMLDB>
